Name,Type,Price,Rating,Reviews,Dealer
2021 Mercedes-Benz GLC 300 Base,New,"$54,730",4.9,"(1,860 reviews)",Mercedes-Benz of San Antonio
2022 Mercedes-Benz GLC 300 Base,New,"$45,650",4.8,"(2,337 reviews)",Mercedes-Benz of Houston Greenway
2022 Mercedes-Benz AMG SL 55 Base,New,"$146,200",4.7,(580 reviews),Mercedes-Benz of North Orlando
2023 Mercedes-Benz S-Class S 580 4MATIC,New,"$140,325",,(14 reviews),Mercedes-Benz of Tuscaloosa
2022 Mercedes-Benz CLA 250 Base,New,"$44,905",4.6,(772 reviews),Mercedes-Benz of San Jose
2023 Mercedes-Benz AMG GLE 63 S,New,"$150,324",4.3,(129 reviews),Mercedes-Benz of Elmbrook
2022 Mercedes-Benz GLC 300 4MATIC,New,"$48,498",,(109 reviews),Mercedes-Benz of Wichita
2022 Mercedes-Benz S-Class S 580 4MATIC,New,"$129,140",4.4,"(1,221 reviews)",Mercedes-Benz of Miami
2022 Mercedes-Benz S-Class S 500 4MATIC,New,"$119,975",,(418 reviews),Mercedes-Benz of Carlsbad
2022 Mercedes-Benz CLA 250 Base 4MATIC,New,"$43,925",4.6,"(4,914 reviews)",Benzel-Busch Motor Car
2023 Mercedes-Benz AMG C 43 Base 4MATIC,New,"$71,195",4.6,"(4,914 reviews)",Benzel-Busch Motor Car
2022 Mercedes-Benz AMG SL 63 Base,New,"$194,450",4.7,(890 reviews),Mercedes-Benz of Tysons Corner
2023 Mercedes-Benz AMG GLE 53 Base,New,"$91,840",,(418 reviews),Mercedes-Benz of Carlsbad
2023 Mercedes-Benz S-Class S 500 4MATIC,New,"$112,690",4.2,(452 reviews),Mercedes-Benz of Catonsville
2022 Mercedes-Benz S-Class S 580 4MATIC,New,"$154,385",4.4,(929 reviews),Mercedes-Benz of Buckhead
2022 Mercedes-Benz CLA 250 Base 4MATIC,New,"$46,790",4.5,"(2,543 reviews)",Mercedes-Benz of Fort Washington
2022 Mercedes-Benz EQS 450+ Base,New,"$110,385",4.4,(929 reviews),Mercedes-Benz of Buckhead
2023 Mercedes-Benz GLS 450 4MATIC,New,"$94,385",4.9,"(6,438 reviews)",Walter's Mercedes-Benz of Riverside
2023 Mercedes-Benz EQS 450 Base 4MATIC,New,"$119,615",4.7,"(2,135 reviews)",Autohaus on Edens
2022 Mercedes-Benz AMG G 63 Base,New,"$299,900",4.1,"(1,020 reviews)",RBM of Atlanta
2023 Mercedes-Benz C-Class C 300,New,"$60,880",4.7,"(1,816 reviews)",Mercedes-Benz of Plano
2022 Mercedes-Benz AMG G 63 Base,New,"$299,900",4.1,"(1,020 reviews)",RBM of Atlanta
2022 Mercedes-Benz EQS 450+ Base,New,"$110,385",4.4,(929 reviews),Mercedes-Benz of Buckhead
2022 Mercedes-Benz CLA 250 Base 4MATIC,New,"$46,790",4.5,"(2,543 reviews)",Mercedes-Benz of Fort Washington
2023 Mercedes-Benz GLS 450 4MATIC,New,Not Priced,3.9,(314 reviews),Euro Motorcars Devon
2022 Mercedes-Benz GLE 350 Base 4MATIC,Used,"$60,986",,(65 reviews),Mercedes-Benz of Oakland
2023 Mercedes-Benz S-Class S 580 4MATIC,New,"$138,385",4.9,"(3,813 reviews)",Motor Werks - Barrington Auto Mall
2023 Mercedes-Benz S-Class S 580 4MATIC,New,"$141,920",4.9,"(3,813 reviews)",Motor Werks - Barrington Auto Mall
2022 Mercedes-Benz EQS 450+ Base,New,"$106,400",4.6,"(1,089 reviews)",Mercedes-Benz of Fort Lauderdale
2023 Mercedes-Benz EQB 300 ,New,"$60,975",4.6,(427 reviews),Mercedes-Benz of Clearwater
2023 Mercedes-Benz C-Class C 300,New,"$49,600",,(14 reviews),Mercedes-Benz of Tuscaloosa
2023 Mercedes-Benz EQS 580 Base 4MATIC,New,"$136,140",,(418 reviews),Mercedes-Benz of Carlsbad
2023 Mercedes-Benz GLC 300 4MATIC Coupe,New,"$60,570",4.5,"(1,932 reviews)",Mercedes-Benz of Stevens Creek
2023 Mercedes-Benz EQS 450 Base 4MATIC,New,"$112,780",4.9,"(2,067 reviews)",Sears Imported Autos
2023 Mercedes-Benz E-Class E 350 4MATIC,New,"$66,920",4.7,(771 reviews),Mercedes-Benz of Naperville
2022 Mercedes-Benz S-Class S 580 4MATIC,New,"$151,110",4.7,"(1,743 reviews)",Mercedes-Benz of Laguna Niguel
2023 Mercedes-Benz GLA 250 Base,New,"$42,280",4.6,(403 reviews),Mercedes-Benz of McKinney
2022 Mercedes-Benz AMG C 43 Base 4MATIC,New,"$70,020",,(1 review),Mercedes-Benz of Lubbock
2022 Mercedes-Benz GLA 250 Base 4MATIC,New,"$49,065",4.7,(595 reviews),Euro Motorcars Bethesda
2023 Mercedes-Benz E-Class E 350 4MATIC,New,"$65,735",4.5,(466 reviews),Rick Hill Imports
2022 Mercedes-Benz AMG G 63 Base,New,"$299,900",4.1,"(1,020 reviews)",RBM of Atlanta
2019 Mercedes-Benz AMG GT 63 4-Door,Mercedes-Benz Certified,"$114,991",4.9,"(1,860 reviews)",Mercedes-Benz of San Antonio
2022 Mercedes-Benz G-Class G 550 4MATIC,New,"$161,270",4.5,(425 reviews),Sullivan-Parkhill
2023 Mercedes-Benz EQS 580 Base 4MATIC,New,"$138,660",4.9,"(3,813 reviews)",Motor Werks - Barrington Auto Mall
2022 Mercedes-Benz S-Class S 580 4MATIC,Used,"$132,335",4.6,"(1,145 reviews)",Mercedes-Benz of Hoffman Estates
2022 Mercedes-Benz GLC 300 Base 4MATIC,Used,Not Priced,4.9,"(3,690 reviews)",Jackie Cooper Imports
2023 Mercedes-Benz S-Class S 580 4MATIC,New,"$145,710",4.3,(406 reviews),Mercedes-Benz of Denver
2022 Mercedes-Benz AMG G 63 Base,New,"$191,210",4.8,(173 reviews),Volkswagen of Quad Cities
2022 Mercedes-Benz AMG GLE 63 S,New,"$130,025",4.5,"(1,932 reviews)",Mercedes-Benz of Stevens Creek
2022 Mercedes-Benz GLC 300 Base 4MATIC,New,"$50,735",4.6,(115 reviews),"Demarois Buick, GMC Truck"
2023 Mercedes-Benz CLA 250 Base 4MATIC,New,"$50,880",4.6,(465 reviews),Mercedes-Benz Doylestown
2023 Mercedes-Benz EQS 450 Base 4MATIC,New,"$113,445",4.7,(890 reviews),Mercedes-Benz of Tysons Corner
2022 Mercedes-Benz AMG GLB 35 Base,New,"$61,059",4.8,(661 reviews),Mercedes-Benz of Loveland
2022 Mercedes-Benz S-Class S 500 4MATIC,New,"$120,375",,(539 reviews),Mercedes-Benz of Bakersfield
2023 Mercedes-Benz AMG GLE 53 Base,New,Not Priced,4.8,(972 reviews),Autobahn Motors
2023 Mercedes-Benz S-Class S 500 4MATIC,New,"$120,375",4.6,(578 reviews),Mercedes-Benz of Hunt Valley
2023 Mercedes-Benz S-Class S 580 4MATIC,New,"$134,610",4.6,(578 reviews),Mercedes-Benz of Hunt Valley
2022 Mercedes-Benz AMG GT 43 Base,New,Not Priced,3.9,(314 reviews),Euro Motorcars Devon
2022 Mercedes-Benz GLC 300 4MATIC,New,"$47,998",,(109 reviews),Mercedes-Benz of Wichita
2022 Mercedes-Benz AMG SL 63 Base,New,"$201,085",4.6,"(1,092 reviews)",Mercedes-Benz of Littleton
2022 Mercedes-Benz S-Class S 500 4MATIC,New,"$119,880",4.1,"(1,020 reviews)",RBM of Atlanta
2022 Mercedes-Benz AMG GT 43 Base,New,"$106,160",4.6,(964 reviews),Mercedes-Benz of Walnut Creek
2017 Mercedes-Benz GLS 550 Base 4MATIC,Used,"$37,995",4.9,"(1,860 reviews)",Mercedes-Benz of San Antonio
2023 Mercedes-Benz S-Class S 580 4MATIC,New,"$134,610",4.6,(578 reviews),Mercedes-Benz of Hunt Valley
2022 Mercedes-Benz GLC 300 4MATIC,New,"$47,998",,(109 reviews),Mercedes-Benz of Wichita
2022 Mercedes-Benz C-Class C 300,New,"$45,200",4.5,"(1,932 reviews)",Mercedes-Benz of Stevens Creek
2022 Mercedes-Benz S-Class S 500 4MATIC,New,"$119,880",4.1,"(1,020 reviews)",RBM of Atlanta
2022 Mercedes-Benz AMG GT 43 Base,New,"$106,160",4.6,(964 reviews),Mercedes-Benz of Walnut Creek
2023 Mercedes-Benz S-Class S 500 4MATIC,New,"$115,190",4.2,(452 reviews),Mercedes-Benz of Catonsville
2022 Mercedes-Benz AMG SL 63 Base,New,"$201,085",4.6,"(1,092 reviews)",Mercedes-Benz of Littleton
2023 Mercedes-Benz AMG GLE 53 Base,New,Not Priced,4.8,(972 reviews),Autobahn Motors
2022 Mercedes-Benz G-Class G 550 4MATIC,New,"$239,005",,(29 reviews),Mercedes-Benz & Chevrolet in San Luis Obispo
2023 Mercedes-Benz S-Class S 580 4MATIC,New,"$139,200",4.8,"(2,011 reviews)",Knauz Auto Park
2022 Mercedes-Benz GLC 300 Base 4MATIC,New,"$57,820",4.6,(115 reviews),"Demarois Buick, GMC Truck"
2022 Mercedes-Benz AMG SL 63 Base,New,"$197,351",4.7,(834 reviews),W.I. Simonson Inc.
2023 Mercedes-Benz AMG GLE 53 Base,New,"$95,105",4.6,(403 reviews),Mercedes-Benz of McKinney
2022 Mercedes-Benz GLB 250 Base 4MATIC,New,"$49,900",4.6,"(1,792 reviews)",Mercedes-Benz of Wilmington
2023 Mercedes-Benz S-Class S 580 4MATIC,New,"$139,995",4.6,"(1,792 reviews)",Mercedes-Benz of Wilmington
2022 Mercedes-Benz GLE 350 Base 4MATIC,New,"$68,020",4.8,(124 reviews),Mercedes-Benz of Stockton
2023 Mercedes-Benz CLA 250 Base 4MATIC,New,"$50,320",4.6,(465 reviews),Mercedes-Benz Doylestown
2023 Mercedes-Benz GLE 450 AWD 4MATIC,New,"$95,005",4.7,(733 reviews),Mercedes-Benz of Kansas City
2023 Mercedes-Benz S-Class S 500 4MATIC,New,"$117,624",4.2,(452 reviews),Mercedes-Benz of Catonsville
2023 Mercedes-Benz S-Class S 580 4MATIC,New,"$125,840",4.6,(578 reviews),Mercedes-Benz of Hunt Valley
2023 Mercedes-Benz AMG GLE 53 Base,New,"$100,145",4.9,"(1,860 reviews)",Mercedes-Benz of San Antonio
2023 Mercedes-Benz GLC 300 4MATIC Coupe,New,"$61,520",4.6,(772 reviews),Mercedes-Benz of San Jose
2023 Mercedes-Benz AMG GLE 53 Base,New,"$95,105",4.6,(403 reviews),Mercedes-Benz of McKinney
2023 Mercedes-Benz CLA 250 Base 4MATIC,New,"$50,320",4.6,(465 reviews),Mercedes-Benz Doylestown
2023 Mercedes-Benz S-Class S 500 4MATIC,New,"$112,690",4.2,(452 reviews),Mercedes-Benz of Catonsville
2023 Mercedes-Benz CLA 250 Base 4MATIC,New,"$51,775",4.6,(465 reviews),Mercedes-Benz Doylestown
2023 Mercedes-Benz GLE 450 AWD 4MATIC,New,"$70,965",4.9,"(2,067 reviews)",Sears Imported Autos
2022 Mercedes-Benz EQB 350 Base 4MATIC,New,"$63,180",4.6,"(4,914 reviews)",Benzel-Busch Motor Car
2022 Mercedes-Benz EQS 580 Base 4MATIC,New,"$126,340",4.7,"(1,816 reviews)",Mercedes-Benz of Plano
2023 Mercedes-Benz E-Class E 350 4MATIC,New,"$66,740",4.7,(771 reviews),Mercedes-Benz of Naperville
2023 Mercedes-Benz GLE 450 AWD 4MATIC,New,"$95,005",4.7,(733 reviews),Mercedes-Benz of Kansas City
2023 Mercedes-Benz S-Class S 500 4MATIC,New,"$117,624",4.2,(452 reviews),Mercedes-Benz of Catonsville
2023 Mercedes-Benz AMG GLE 53 Base,New,"$110,000",4.7,(733 reviews),Mercedes-Benz of Kansas City
2022 Mercedes-Benz S-Class S 500 4MATIC,New,"$121,490",4.9,"(4,028 reviews)",Crown Eurocars
2022 Mercedes-Benz AMG SL 63 Base,New,"$199,500",4.7,"(1,816 reviews)",Mercedes-Benz of Plano
2023 Mercedes-Benz S-Class S 580 4MATIC,New,"$125,840",4.6,(578 reviews),Mercedes-Benz of Hunt Valley
2022 Mercedes-Benz AMG GLA 35 AMG GLA 35,New,"$62,900",4.9,(871 reviews),Isringhausen Imports
2023 Mercedes-Benz E-Class E 450 4MATIC,New,"$88,575",4.9,"(3,813 reviews)",Motor Werks - Barrington Auto Mall
2022 Mercedes-Benz AMG EQS Base,New,"$154,760",4.6,(904 reviews),Mercedes-Benz of Union
2022 Mercedes-Benz C-Class C 300,New,"$48,400",4.5,"(1,532 reviews)",Mercedes-Benz of Delray
2022 Mercedes-Benz GLB 250 Base 4MATIC,New,"$49,690",4.9,"(3,472 reviews)",Mercedes-Benz of Edison
2022 Mercedes-Benz GLE 450 AWD 4MATIC,New,Not Priced,,(150 reviews),Mercedes-Benz of Lafayette
2022 Mercedes-Benz GLB 250 Base 4MATIC,New,"$49,690",4.9,"(3,472 reviews)",Mercedes-Benz of Edison
2022 Mercedes-Benz AMG SL 55 Base,New,"$145,200",4.6,(904 reviews),Mercedes-Benz of Union
2023 Mercedes-Benz AMG GLE 53 AMG GLE 53,New,"$99,900",4.9,(871 reviews),Isringhausen Imports
2022 Mercedes-Benz S-Class S 580 4MATIC,New,"$139,380",4.8,"(1,974 reviews)",Mercedes-Benz of Atlanta Northeast
2022 Mercedes-Benz S-Class S 580 4MATIC,New,"$135,650",4.6,(578 reviews),Mercedes-Benz of Hunt Valley
2022 Mercedes-Benz S-Class S 580 4MATIC,New,"$130,235",4.6,"(4,914 reviews)",Benzel-Busch Motor Car
2023 Mercedes-Benz S-Class S 500 4MATIC,New,"$135,245",4.7,(771 reviews),Mercedes-Benz of Naperville
2022 Mercedes-Benz AMG G 63 ,New,"$499,998",,(109 reviews),Mercedes-Benz of Wichita
2023 Mercedes-Benz Maybach GLS 600 4MATIC,New,"$175,780",4.6,"(4,914 reviews)",Benzel-Busch Motor Car
2023 Mercedes-Benz GLS 450 4MATIC,New,"$94,325",4.6,"(1,792 reviews)",Mercedes-Benz of Wilmington
2023 Mercedes-Benz AMG E 53 Base 4MATIC,New,"$94,610",4.8,(865 reviews),Mercedes-Benz of Gainesville
2023 Mercedes-Benz GLE 350 Base 4MATIC,New,"$69,200",4.7,(813 reviews),Mercedes-Benz of Orlando
2023 Mercedes-Benz E-Class E 450,New,"$75,045",4.7,(813 reviews),Mercedes-Benz of Orlando
2023 Mercedes-Benz EQB 300 4MATIC,New,"$65,710",4.4,(625 reviews),Mercedes-Benz of Manchester
2023 Mercedes-Benz AMG GLE 53 Base,New,"$85,710",4.7,"(1,816 reviews)",Mercedes-Benz of Plano
2023 Mercedes-Benz CLS 450 Base 4MATIC,New,"$93,870",4.7,(595 reviews),Euro Motorcars Bethesda
2023 Mercedes-Benz E-Class E 350 4MATIC,New,"$68,360",4.6,(951 reviews),Mercedes-Benz of Westmont
2023 Mercedes-Benz E-Class E 350 4MATIC,New,"$70,465",4.7,(890 reviews),Mercedes-Benz of Tysons Corner
2022 Mercedes-Benz E-Class E 450,New,"$80,010",4.4,(929 reviews),Mercedes-Benz of Buckhead
2023 Mercedes-Benz Sprinter 2500 Standard Roof,New,"$58,350",4.5,"(2,543 reviews)",Mercedes-Benz of Fort Washington
2023 Mercedes-Benz S-Class S 580,New,"$139,970",3.9,(108 reviews),Mercedes-Benz Of Bloomfield Hills
2022 Mercedes-Benz AMG SL 63 Base,New,"$197,455",4.6,"(4,914 reviews)",Benzel-Busch Motor Car
2022 Mercedes-Benz E-Class E 350 4MATIC,New,"$65,110",4.6,"(4,914 reviews)",Benzel-Busch Motor Car
2021 Mercedes-Benz Sprinter 2500 Standard Roof,New,"$139,770",,(29 reviews),Mercedes-Benz of Santa Rosa
2022 Mercedes-Benz AMG SL 63 Base,New,"$189,401",4.7,(834 reviews),W.I. Simonson Inc.
2022 Mercedes-Benz S-Class S 500 4MATIC,New,"$119,990",4.7,"(1,500 reviews)",Mercedes-Benz of Naples
2021 Mercedes-Benz Metris Base,New,"$84,900",3.8,(815 reviews),Mercedes-Benz of Jackson
2022 Mercedes-Benz AMG SL 55 Base,New,"$161,121",4.7,(834 reviews),W.I. Simonson Inc.
2022 Mercedes-Benz AMG G 63 Base,New,"$299,900",4.1,"(1,020 reviews)",RBM of Atlanta
2022 Mercedes-Benz EQS 450+ Base,New,"$110,475",,(29 reviews),Mercedes-Benz & Chevrolet in San Luis Obispo
2023 Mercedes-Benz GLB 250 Base 4MATIC,New,"$50,785",,(5 reviews),Elite Automotive Group
2023 Mercedes-Benz C-Class C 300,New,"$55,295",4.7,(813 reviews),Mercedes-Benz of Orlando
2023 Mercedes-Benz GLB 250 Base 4MATIC,New,"$54,340",,(5 reviews),Elite Automotive Group
2022 Mercedes-Benz AMG SL 63 Base,New,"$196,705",4.3,(406 reviews),Mercedes-Benz of Denver
2022 Mercedes-Benz S-Class S 500 4MATIC,New,"$117,590",5.0,(936 reviews),Mercedes-Benz of Columbia
2022 Mercedes-Benz G-Class G 550 4MATIC,New,"$163,370",3.6,(140 reviews),Bloomington Normal Auto-Mall
2023 Mercedes-Benz AMG GLE 53 Base,New,"$97,025",4.5,"(1,338 reviews)",Mercedes-Benz of South Orlando
2022 Mercedes-Benz AMG SL 63 Base,New,"$199,535",4.6,(403 reviews),Mercedes-Benz of McKinney
2023 Mercedes-Benz E-Class E 450 4MATIC,New,"$83,900",4.7,(890 reviews),Mercedes-Benz of Tysons Corner
2023 Mercedes-Benz AMG GLA 45 Base,New,"$69,435",4.8,"(1,358 reviews)",Mercedes-Benz of Rockville Centre
2023 Mercedes-Benz GLC 300 4MATIC Coupe,New,"$64,490",4.6,(951 reviews),Mercedes-Benz of Westmont
2022 Mercedes-Benz GLS 450 4MATIC,Mercedes-Benz Certified,"$92,216",4.7,(35 reviews),Mercedes-Benz of Centerville
2022 Mercedes-Benz S-Class S 580 4MATIC,New,"$130,035",4.7,(834 reviews),W.I. Simonson Inc.
2023 Mercedes-Benz GLE 350 Base,New,"$71,240",,(418 reviews),Mercedes-Benz of Carlsbad
2023 Mercedes-Benz S-Class S 500 4MATIC,New,"$136,215",5.0,(936 reviews),Mercedes-Benz of Columbia
2023 Mercedes-Benz EQS 580 Base 4MATIC,New,"$128,030",4.7,"(2,135 reviews)",Autohaus on Edens
2022 Mercedes-Benz AMG SL 63 Base,New,"$201,240",4.6,"(1,092 reviews)",Mercedes-Benz of Littleton
2023 Mercedes-Benz C-Class C 300 4MATIC,New,"$50,755",4.7,"(2,135 reviews)",Autohaus on Edens
2022 Mercedes-Benz S-Class S 580 4MATIC,Used,"$134,999",4.6,"(1,145 reviews)",Mercedes-Benz of Hoffman Estates
2022 Mercedes-Benz S-Class S 580 4MATIC,New,"$128,775",4.6,(772 reviews),Mercedes-Benz of San Jose
2022 Mercedes-Benz GLA 250 Base 4MATIC,New,"$44,395",4.2,(452 reviews),Mercedes-Benz of Catonsville
2023 Mercedes-Benz AMG GLE 53 Base,New,Not Priced,4.7,"(2,135 reviews)",Autohaus on Edens
2022 Mercedes-Benz GLC 300 Base 4MATIC,New,"$50,910",4.9,"(1,588 reviews)","Smith Motor Sales of Haverhill, Inc."
2022 Mercedes-Benz AMG SL 55 Base,New,"$145,200",4.6,"(4,914 reviews)",Benzel-Busch Motor Car
2022 Mercedes-Benz AMG GT 43 Base,New,"$109,180",3.3,(88 reviews),International Autos
2022 Mercedes-Benz S-Class S 580 4MATIC,New,"$128,940",4.6,(427 reviews),Mercedes-Benz of Clearwater
2022 Mercedes-Benz Sprinter 2500 Standard Roof,New,"$79,710",,(29 reviews),Mercedes-Benz of Santa Rosa
2022 Mercedes-Benz E-Class E 450 4MATIC,New,Not Priced,3.9,(314 reviews),Euro Motorcars Devon
2015 Mercedes-Benz CLA-Class CLA 250,Used,"$15,262",4.0,(961 reviews),BMW of San Antonio
2023 Mercedes-Benz C-Class C 300 4MATIC,New,"$70,005",4.8,"(2,011 reviews)",Knauz Auto Park
2022 Mercedes-Benz GLE 350 Base,New,"$63,481",4.6,(909 reviews),Mercedes-Benz of Fort Myers
2023 Mercedes-Benz C-Class C 300 4MATIC,New,"$48,000",,(0 reviews),Mercedes-Benz of Lafayette
2022 Mercedes-Benz AMG GLE 53 Base,Mercedes-Benz Certified,"$82,282",4.8,"(1,207 reviews)",Fletcher Jones Motorcars of Fremont
2023 Mercedes-Benz C-Class C 300 4MATIC,New,"$48,000",,(0 reviews),Mercedes-Benz of Lafayette
2022 Mercedes-Benz GLA 250 Base 4MATIC,New,"$45,225",4.6,(578 reviews),Mercedes-Benz of Hunt Valley
2023 Mercedes-Benz S-Class S 580 4MATIC,New,"$141,020",4.8,(234 reviews),Mercedes Benz of Goldens Bridge
2023 Mercedes-Benz GLS 450 4MATIC,New,"$92,545",4.9,"(6,438 reviews)",Walter's Mercedes-Benz of Riverside
2022 Mercedes-Benz GLE 350 Base 4MATIC,New,"$64,230",4.6,(886 reviews),Mercedes-Benz of Bellevue
2022 Mercedes-Benz AMG GLE 63 S,New,Not Priced,3.9,(314 reviews),Euro Motorcars Devon
2023 Mercedes-Benz GLS 450 4MATIC,New,"$92,660",4.8,(569 reviews),Mercedes-Benz of Morristown
2023 Mercedes-Benz GLE 350 4MATIC,New,"$84,695",,(109 reviews),Mercedes-Benz of Wichita
2022 Mercedes-Benz S-Class S 500 4MATIC,New,"$121,490",4.4,"(1,221 reviews)",Mercedes-Benz of Miami
2023 Mercedes-Benz EQS 580 Base 4MATIC,New,"$129,445",4.9,(606 reviews),Mercedes-Benz of Chandler
2022 Mercedes-Benz S-Class S 580 4MATIC,New,"$124,931",4.8,(924 reviews),Mercedes-Benz of Calabasas
2022 Mercedes-Benz EQB 300 Base 4MATIC,New,"$61,595",4.7,(35 reviews),Mercedes-Benz of Centerville
2022 Mercedes-Benz GLC 300 Base 4MATIC,New,"$50,310",4.7,(256 reviews),Mercedes-Benz of Lehigh Valley
2023 Mercedes-Benz E-Class E 450,New,"$77,760",4.8,"(2,337 reviews)",Mercedes-Benz of Houston Greenway
2023 Mercedes-Benz GLA 250 Base 4MATIC,New,"$45,265",4.6,(578 reviews),Mercedes-Benz of Hunt Valley
2022 Mercedes-Benz E-Class E 450 4MATIC,New,Not Priced,3.9,(314 reviews),Euro Motorcars Devon
2023 Mercedes-Benz AMG GLE 53 Base,New,"$98,360",4.9,"(1,588 reviews)","Smith Motor Sales of Haverhill, Inc."
2022 Mercedes-Benz E-Class E 350,New,"$62,360",4.6,(403 reviews),Mercedes-Benz of McKinney
2022 Mercedes-Benz C-Class C 300 4MATIC,New,"$48,245",4.8,(234 reviews),Mercedes Benz of Goldens Bridge
2022 Mercedes-Benz GLC 300 Base 4MATIC,New,"$49,520",,(5 reviews),Elite Automotive Group
2022 Mercedes-Benz S-Class S 580 4MATIC,New,"$130,435",4.7,"(1,816 reviews)",Mercedes-Benz of Plano
2023 Mercedes-Benz E-Class E 450 4MATIC,New,"$85,210",4.9,"(2,067 reviews)",Sears Imported Autos
2022 Mercedes-Benz Sprinter 2500 Standard Roof,New,Not Priced,4.7,(595 reviews),Euro Motorcars Bethesda
2023 Mercedes-Benz GLE 350 Base 4MATIC,New,"$79,235",4.8,"(1,347 reviews)",Aristocrat Motors
2017 Mercedes-Benz GLA 250 Base 4MATIC,Used,"$28,590",4.1,"(9,481 reviews)",Carvana-Touchless Delivery To Your Home
2023 Mercedes-Benz E-Class E 450 4MATIC,New,"$86,120",3.1,(80 reviews),Mercedes-Benz of Indianapolis
2023 Mercedes-Benz E-Class E 350,New,"$62,060",4.9,"(1,860 reviews)",Mercedes-Benz of San Antonio
2022 Mercedes-Benz CLA 250 Base 4MATIC,New,"$47,940",,(22 reviews),Hayes Mercedes-Benz
2023 Mercedes-Benz S-Class S 500 4MATIC,New,"$114,672",4.2,(452 reviews),Mercedes-Benz of Catonsville
2023 Mercedes-Benz EQS 580 Base 4MATIC,New,"$137,445",4.7,(35 reviews),Mercedes-Benz of Centerville
2023 Mercedes-Benz GLE 450 AWD 4MATIC,New,"$76,865",4.9,"(6,438 reviews)",Walter's Mercedes-Benz of Riverside
2023 Mercedes-Benz S-Class S 580 4MATIC,New,"$132,440",4.6,(465 reviews),Mercedes-Benz Doylestown
2015 Mercedes-Benz GLK-Class GLK 250 BlueTEC 4MATIC,Used,"$24,990",4.1,"(9,484 reviews)",Carvana-Touchless Delivery To Your Home
2023 Mercedes-Benz AMG GLE 53 Base,New,"$83,260",4.9,"(3,813 reviews)",Motor Werks - Barrington Auto Mall
2022 Mercedes-Benz E-Class E 450,New,"$72,585",4.6,(270 reviews),Mercedes-Benz Of Athens
2023 Mercedes-Benz GLE 350 Base 4MATIC,New,"$76,705",,(14 reviews),Mercedes-Benz of Tuscaloosa
2022 Mercedes-Benz S-Class S 500 4MATIC,New,"$131,725",4.4,(929 reviews),Mercedes-Benz of Buckhead
2021 Mercedes-Benz Maybach GLS 600 4MATIC,New,"$175,480",4.5,"(1,338 reviews)",Mercedes-Benz of South Orlando
2015 Mercedes-Benz GL-Class GL 63 AMG,Used,"$36,995",4.3,(500 reviews),Leson Chevrolet
2021 Mercedes-Benz Maybach GLS 600 4MATIC,New,"$175,480",4.5,"(1,338 reviews)",Mercedes-Benz of South Orlando
2023 Mercedes-Benz S-Class S 500 4MATIC,New,"$121,395",4.7,(771 reviews),Mercedes-Benz of Naperville
2023 Mercedes-Benz EQS 580 Base 4MATIC,New,"$134,040",4.7,(35 reviews),Mercedes-Benz of Centerville
2023 Mercedes-Benz GLE 350 4MATIC,New,"$79,390",,(109 reviews),Mercedes-Benz of Wichita
2022 Mercedes-Benz Sprinter 3500 HIGH,New,"$76,796",,(176 reviews),Mercedes-Benz Porsche of Melbourne
2023 Mercedes-Benz E-Class E 450,New,"$75,395",4.8,"(2,337 reviews)",Mercedes-Benz of Houston Greenway
2022 Mercedes-Benz EQS 580 Base 4MATIC,New,"$135,435",,(5 reviews),Elite Automotive Group
2023 Mercedes-Benz GLE 450 AWD 4MATIC,New,"$71,500",4.8,(384 reviews),Carousel Audi Mercedes-Benz Volkswagen
2022 Mercedes-Benz AMG SL 63 Base,New,"$205,285",,(418 reviews),Mercedes-Benz of Carlsbad
2023 Mercedes-Benz CLS 450 Base 4MATIC,New,"$88,550",4.8,"(2,011 reviews)",Knauz Auto Park
2023 Mercedes-Benz GLE 350 Base,New,"$68,195",4.9,"(4,028 reviews)",Crown Eurocars
2022 Mercedes-Benz EQS 450+ Base,New,"$119,755",4.7,"(1,743 reviews)",Mercedes-Benz of Laguna Niguel
2022 Mercedes-Benz AMG SL 55 Base,New,"$157,700",4.7,(834 reviews),W.I. Simonson Inc.
2023 Mercedes-Benz S-Class S 500 4MATIC,New,"$136,345",4.6,"(1,092 reviews)",Mercedes-Benz of Littleton
2022 Mercedes-Benz AMG E 53 Base 4MATIC,New,"$97,235",4.4,"(1,620 reviews)",Mercedes-Benz of Portland
2022 Mercedes-Benz AMG G 63 Base,New,"$367,820",4.5,"(1,338 reviews)",Mercedes-Benz of South Orlando
2023 Mercedes-Benz E-Class E 450 4MATIC,New,"$74,685",4.5,(466 reviews),Rick Hill Imports
2023 Mercedes-Benz S-Class S 580 4MATIC,New,"$139,520",4.6,(951 reviews),Mercedes-Benz of Westmont
2022 Mercedes-Benz Sprinter 2500 ,New,"$68,853",4.2,(452 reviews),Mercedes-Benz of Catonsville
2023 Mercedes-Benz AMG GLE 53 Base,New,"$115,055",4.9,"(3,472 reviews)",Mercedes-Benz of Edison
2014 Mercedes-Benz S-Class S 550,Used,"$43,890",3.9,(108 reviews),Mercedes-Benz Of Bloomfield Hills
2023 Mercedes-Benz AMG GLE 53 Base,New,"$92,655",4.5,"(1,338 reviews)",Mercedes-Benz of South Orlando
2022 Mercedes-Benz CLS 450 Base 4MATIC,New,"$81,655",4.5,(466 reviews),Rick Hill Imports
2022 Mercedes-Benz AMG SL 63 Base,New,Not Priced,4.8,(972 reviews),Autobahn Motors
2021 Mercedes-Benz AMG GLC 43 Base 4MATIC,Used,"$56,488",,(4 reviews),Porsche South Austin
2020 Mercedes-Benz AMG GT 63 S 4-Door,Used,"$136,595",4.6,(654 reviews),Earth Motorcars
2023 Mercedes-Benz GLC 300 4MATIC Coupe,New,"$60,520",4.7,"(1,506 reviews)",House of Imports
2023 Mercedes-Benz GLE 350 Base 4MATIC,New,"$83,195",4.7,(733 reviews),Mercedes-Benz of Kansas City
2023 Mercedes-Benz GLE 350 Base 4MATIC,New,"$71,150",4.9,"(3,813 reviews)",Motor Werks - Barrington Auto Mall
2023 Mercedes-Benz EQS 580 Base 4MATIC,New,"$137,530",4.8,(865 reviews),Mercedes-Benz of Gainesville
2022 Mercedes-Benz S-Class S 500 4MATIC,New,"$120,625",4.9,"(3,813 reviews)",Motor Werks - Barrington Auto Mall
2023 Mercedes-Benz C-Class C 300 4MATIC,New,"$66,415",4.6,(951 reviews),Mercedes-Benz of Westmont
2023 Mercedes-Benz GLC 300 4MATIC Coupe,New,"$63,360",4.6,(465 reviews),Mercedes-Benz Doylestown
2022 Mercedes-Benz E-Class E 350,New,"$61,435",,(1 review),Mercedes-Benz of Lubbock
2023 Mercedes-Benz S-Class S 500 4MATIC,New,"$127,575",4.6,(465 reviews),Mercedes-Benz Doylestown
2022 Mercedes-Benz GLE 350 Base 4MATIC,New,"$67,385",4.6,(909 reviews),Mercedes-Benz of Fort Myers
2023 Mercedes-Benz S-Class S 580 4MATIC,New,"$135,285",,(2 reviews),Mercedes-Benz of State College
2012 Mercedes-Benz Sprinter 2500 High Roof,Used,"$23,991",4.3,"(1,340 reviews)",AutoNation Lincoln Orange Park
2023 Mercedes-Benz E-Class E 350 4MATIC,New,"$74,630",4.7,(771 reviews),Mercedes-Benz of Naperville
2023 Mercedes-Benz GLS 450 4MATIC,New,"$91,445",4.8,(384 reviews),Carousel Audi Mercedes-Benz Volkswagen
2015 Mercedes-Benz S-Class S 550,Used,"$36,995",4.9,"(1,860 reviews)",Mercedes-Benz of San Antonio
2022 Mercedes-Benz AMG G 63 Base,New,"$367,820",4.5,(64 reviews),Mercedes-Benz of Akron
2023 Mercedes-Benz AMG GLC 43 4MATIC Coupe,New,"$80,140",4.7,"(2,135 reviews)",Autohaus on Edens
2023 Mercedes-Benz GLA 250 Base 4MATIC,New,"$43,760",4.7,(580 reviews),Mercedes-Benz of North Orlando
2023 Mercedes-Benz S-Class S 580 4MATIC,New,"$140,775",,(38 reviews),Santa Barbara Auto Group
2022 Mercedes-Benz S-Class S 580 4MATIC,New,"$137,295",4.6,(427 reviews),Mercedes-Benz of Clearwater
2023 Mercedes-Benz S-Class S 580 4MATIC,New,"$142,269",4.8,(661 reviews),Mercedes-Benz of Loveland
2023 Mercedes-Benz E-Class E 350 4MATIC,New,"$79,000",4.7,(733 reviews),Mercedes-Benz of Kansas City
2023 Mercedes-Benz S-Class S 500,New,"$124,975",,(17 reviews),Mercedes-Benz of Memphis
2022 Mercedes-Benz S-Class S 580 4MATIC,New,"$124,250",,(539 reviews),Mercedes-Benz of Bakersfield
2022 Mercedes-Benz GLB 250 Base,New,"$49,165",4.7,"(1,118 reviews)",Mercedes-Benz of Columbus
2023 Mercedes-Benz EQS 450 Base 4MATIC,New,"$116,350",4.8,(865 reviews),Mercedes-Benz of Gainesville
2023 Mercedes-Benz C-Class C 300 4MATIC,New,"$50,165",4.6,(951 reviews),Mercedes-Benz of Westmont
2023 Mercedes-Benz S-Class S 500 4MATIC,New,"$138,943",4.3,(406 reviews),Mercedes-Benz of Denver
2023 Mercedes-Benz E-Class E 450,New,"$78,110",4.8,"(2,337 reviews)",Mercedes-Benz of Houston Greenway
2022 Mercedes-Benz GLB 250 Base 4MATIC,New,"$46,115",4.7,(813 reviews),Mercedes-Benz of Orlando
2023 Mercedes-Benz GLE 350 Base 4MATIC,New,"$68,190",4.6,(578 reviews),Mercedes-Benz of Hunt Valley
2023 Mercedes-Benz GLE 350 Base,New,"$69,750",4.8,"(2,337 reviews)",Mercedes-Benz of Houston Greenway
2023 Mercedes-Benz GLE 350 Base 4MATIC,New,"$68,190",4.6,(929 reviews),Mercedes-Benz of Chantilly
2023 Mercedes-Benz E-Class E 450 4MATIC,New,"$80,430",4.9,"(3,813 reviews)",Motor Werks - Barrington Auto Mall
2023 Mercedes-Benz S-Class S 580,New,"$139,080",3.9,(108 reviews),Mercedes-Benz Of Bloomfield Hills
2022 Mercedes-Benz AMG SL 55 Base,New,"$155,420",4.7,(834 reviews),W.I. Simonson Inc.
2023 Mercedes-Benz AMG C 43 C 43 AMG 4MATIC,New,"$72,775",4.7,"(1,131 reviews)",Mercedes-Benz of Arcadia
2023 Mercedes-Benz S-Class S 500 4MATIC,New,"$126,760",4.5,(64 reviews),Mercedes-Benz of Akron
2022 Mercedes-Benz C-Class C 300 4MATIC,New,"$47,045",4.8,(323 reviews),Mercedes-Benz of Fairfield
2022 Mercedes-Benz S-Class S 580 4MATIC,New,"$148,510",4.6,(964 reviews),Mercedes-Benz of Walnut Creek
2022 Mercedes-Benz E-Class E 450 4MATIC,New,"$77,615",4.7,"(1,131 reviews)",Mercedes-Benz of Arcadia
2022 Mercedes-Benz GLB 250 Base 4MATIC,New,"$48,190",4.3,(632 reviews),Feldmann Imports
2022 Mercedes-Benz AMG GT 53 Base,New,Not Priced,4.7,(595 reviews),Euro Motorcars Bethesda
2023 Mercedes-Benz AMG C 43 Base 4MATIC,New,"$69,945",4.6,(904 reviews),Mercedes-Benz of Union
2023 Mercedes-Benz EQS 580 Base 4MATIC,New,"$135,165",4.7,(619 reviews),Mercedes-Benz of Foothill Ranch
2023 Mercedes-Benz S-Class S 580 4MATIC,New,"$142,245",4.6,"(1,092 reviews)",Mercedes-Benz of Littleton
2023 Mercedes-Benz GLE 350 Base,New,"$66,230",4.4,(748 reviews),Mercedes-Benz of Wesley Chapel
2023 Mercedes-Benz AMG GLE 53 Base,New,"$100,855",,(194 reviews),James Motor Company
2023 Mercedes-Benz S-Class S 580 4MATIC,New,"$147,010",4.3,(406 reviews),Mercedes-Benz of Denver
2022 Mercedes-Benz AMG SL 63 SL 63 AMG 4MATIC,New,"$191,400",4.7,"(1,131 reviews)",Mercedes-Benz of Arcadia
2023 Mercedes-Benz GLB 250 Base,New,"$52,815",,(63 reviews),"Jack Ingram Motors, Inc."
2022 Mercedes-Benz CLA 250 Base 4MATIC,New,"$49,395",4.6,"(1,792 reviews)",Mercedes-Benz of Wilmington
2022 Mercedes-Benz C-Class C 300 4MATIC,New,"$51,200",4.6,"(4,914 reviews)",Benzel-Busch Motor Car
2023 Mercedes-Benz GLS 450 4MATIC,New,"$90,720",4.7,"(1,528 reviews)",Mercedes-Benz of North Olmsted
2023 Mercedes-Benz E-Class E 350 4MATIC,New,"$69,630",,(36 reviews),Serra Auto Campus
2023 Mercedes-Benz S-Class S 580 4MATIC,New,Not Priced,4.9,"(1,860 reviews)",Mercedes-Benz of San Antonio
2023 Mercedes-Benz S-Class S 580,New,"$141,840",3.9,(108 reviews),Mercedes-Benz Of Bloomfield Hills
2022 Mercedes-Benz GLB 250 Base,New,"$45,005",4.6,(403 reviews),Mercedes-Benz of McKinney
2023 Mercedes-Benz GLC 300 4MATIC Coupe,New,"$65,140",4.6,(951 reviews),Mercedes-Benz of Westmont
2023 Mercedes-Benz S-Class S 500 4MATIC,New,"$123,990",4.9,"(3,813 reviews)",Motor Werks - Barrington Auto Mall
2022 Mercedes-Benz GLE 350 Base 4MATIC,New,"$73,655",4.3,(465 reviews),Mercedes-Benz of Ann Arbor
2023 Mercedes-Benz C-Class C 300 4MATIC,New,"$59,770",4.6,(591 reviews),Mercedes-Benz of Fort Mitchell
2022 Mercedes-Benz S-Class S 500 4MATIC,New,"$126,140",4.6,(578 reviews),Mercedes-Benz of Hunt Valley
2023 Mercedes-Benz C-Class C 300,New,"$60,880",4.7,"(1,816 reviews)",Mercedes-Benz of Plano
2023 Mercedes-Benz AMG C 43 Base 4MATIC,New,"$67,165",4.7,(619 reviews),Mercedes-Benz of Foothill Ranch
2022 Mercedes-Benz EQB 300 Base 4MATIC,New,"$59,035",4.3,(465 reviews),Mercedes-Benz of Ann Arbor
2022 Mercedes-Benz EQB 300 Base 4MATIC,New,"$60,025",4.8,(172 reviews),Mercedes-Benz Of Rochester
2022 Mercedes-Benz S-Class S 500 4MATIC,New,"$126,140",4.6,(578 reviews),Mercedes-Benz of Hunt Valley
2021 Mercedes-Benz C-Class C 300 4MATIC,New,"$45,820",4.9,"(1,588 reviews)","Smith Motor Sales of Haverhill, Inc."
2023 Mercedes-Benz Sprinter 2500 Standard Roof,New,"$49,761",4.8,"(2,011 reviews)",Knauz Auto Park
2023 Mercedes-Benz S-Class S 580 4MATIC,New,"$139,135",4.6,"(1,092 reviews)",Mercedes-Benz of Littleton
2022 Mercedes-Benz GLA 250 Base 4MATIC,New,"$46,890",4.7,(771 reviews),Mercedes-Benz of Naperville
2023 Mercedes-Benz Maybach GLS 600 4MATIC,New,"$193,000",4.6,(964 reviews),Mercedes-Benz of Walnut Creek
2023 Mercedes-Benz C-Class C 300 4MATIC,New,"$61,695",4.7,(890 reviews),Mercedes-Benz of Tysons Corner
2023 Mercedes-Benz C-Class C 300,New,"$52,745",4.9,"(1,860 reviews)",Mercedes-Benz of San Antonio
2022 Mercedes-Benz AMG GLE 63 S,New,"$129,325",4.6,"(1,101 reviews)",Mercedes-Benz of Atlantic City
2022 Mercedes-Benz EQS 450+ Base,New,"$105,720",4.9,"(1,887 reviews)",Capital Eurocars
2023 Mercedes-Benz GLS 450 4MATIC,New,"$93,670",4.8,"(2,011 reviews)",Knauz Auto Park
2022 Mercedes-Benz GLB 250 Base 4MATIC,New,"$55,190",4.6,(886 reviews),Mercedes-Benz of Bellevue
2022 Mercedes-Benz E-Class E 450,New,"$74,275",4.5,"(1,338 reviews)",Mercedes-Benz of South Orlando
2023 Mercedes-Benz AMG GLE 63 S,New,"$146,255",4.1,"(1,020 reviews)",RBM of Atlanta
2006 Mercedes-Benz SL-Class SL500 Roadster,Used,"$7,900",,,U-Save Car Sales
2020 Mercedes-Benz C-Class C 300,Used,"$35,499",4.6,(787 reviews),BMW of Vista
2018 Mercedes-Benz S-Class S 560,Used,"$67,998",,(2 reviews),CarMax Vancouver - Now offering Curbside Pickup
2020 Mercedes-Benz C-Class C 300 4MATIC,Mercedes-Benz Certified,"$35,377",,(36 reviews),Serra Auto Campus
2019 Mercedes-Benz GLA 250 Base,Mercedes-Benz Certified,"$29,988",4.9,"(4,028 reviews)",Crown Eurocars
2017 Mercedes-Benz E-Class E 300,Used,"$30,998",,(13 reviews),CarMax Austin North - Now offering Curbside Pickup and Home Delivery
2022 Mercedes-Benz GLB 250 Base,Mercedes-Benz Certified,"$44,000",4.6,(234 reviews),Mercedes-Benz of Hilton Head
2013 Mercedes-Benz SLK-Class SLK 250,Used,"$27,900",4.0,(172 reviews),LW Automotive
2020 Mercedes-Benz S-Class S 560,Used,"$69,998",4.2,(307 reviews),Lexus of Cool Springs
2018 Mercedes-Benz Metris Base,Used,"$27,990",,(8 reviews),Mercedes-Benz of Laredo
2021 Mercedes-Benz AMG CLA 35 Base 4MATIC,Mercedes-Benz Certified,"$45,499",,(14 reviews),Mercedes-Benz of Tuscaloosa
2020 Mercedes-Benz AMG CLA 45 Base 4MATIC,Used,"$59,995",3.6,(111 reviews),J & S Autohaus
2020 Mercedes-Benz AMG C 43 Base 4MATIC,Used,"$46,995",4.6,(138 reviews),Mercedes-Benz of Rochester
2017 Mercedes-Benz E-Class E 400 4MATIC,Used,"$33,500",4.9,"(1,003 reviews)",Dave Syverson Auto Center
2023 Mercedes-Benz EQS 450 Base 4MATIC,New,"$118,610",4.7,"(1,816 reviews)",Mercedes-Benz of Plano
2017 Mercedes-Benz E-Class E 400 4MATIC,Used,"$33,500",4.9,"(1,003 reviews)",Dave Syverson Auto Center
2018 Mercedes-Benz GLC 300 Base,Used,"$21,998",4.3,"(2,798 reviews)",David Stanley Chrysler Jeep Dodge RAM
2019 Mercedes-Benz AMG SL 63 Base,Used,"$114,995",4.9,"(1,860 reviews)",Mercedes-Benz of San Antonio
2013 Mercedes-Benz SLK-Class SLK 250,Used,"$27,900",4.0,(172 reviews),LW Automotive
2020 Mercedes-Benz S-Class S 560,Used,"$69,998",4.2,(307 reviews),Lexus of Cool Springs
2018 Mercedes-Benz Metris Base,Used,"$27,990",,(8 reviews),Mercedes-Benz of Laredo
2022 Mercedes-Benz EQS 450+ Base,Mercedes-Benz Certified,"$82,988",3.3,(233 reviews),Mercedes-Benz of Arrowhead
2015 Mercedes-Benz S-Class S 550,Used,"$43,998",,(109 reviews),Mercedes-Benz of Wichita
2023 Mercedes-Benz GLE 450 AWD 4MATIC,Used,"$87,000",4.7,(335 reviews),Mercedes-Benz of Knoxville
2019 Mercedes-Benz AMG GLA 45 Base 4MATIC,Used,"$46,790",2.1,(48 reviews),Vacaville Buick GMC
2016 Mercedes-Benz Sprinter 2500 Normal Roof,Used,"$64,998",3.0,(33 reviews),Dillon's Auto Supercenter
2020 Mercedes-Benz GLB 250 Base 4MATIC,Used,"$40,995",4.8,(598 reviews),Astorg Auto of Charleston
2020 Mercedes-Benz AMG C 63 Base,Used,"$64,200",4.3,"(1,407 reviews)",I-95 Nissan
2016 Mercedes-Benz GLC-Class GLC 300,Used,"$19,485",4.3,"(1,263 reviews)",Kernersville Chrysler Dodge Jeep RAM
2019 Mercedes-Benz AMG CLS 53 S-Model 4MATIC,Mercedes-Benz Certified,"$69,999",4.9,"(1,305 reviews)",Mercedes-Benz of Austin
2022 Mercedes-Benz C-Class C 300,Used,"$45,997",,(0 reviews),Sewell Land Rover North Austin
2016 Mercedes-Benz SLK-Class SLK300,Used,"$25,900",,(5 reviews),Eastbay Motorcars
2018 Mercedes-Benz C-Class C 300 4MATIC,Used,"$25,843",4.5,(425 reviews),Sullivan-Parkhill
2016 Mercedes-Benz Sprinter 2500 Normal Roof,Used,"$43,911",4.2,"(1,730 reviews)",AutoNation Ford Littleton
2022 Mercedes-Benz AMG GLC 43 Base 4MATIC,Used,"$65,915",,(29 reviews),Mercedes-Benz of Santa Rosa
2023 Mercedes-Benz S-Class S 500,Used,"$121,890",3.9,(108 reviews),Mercedes-Benz Of Bloomfield Hills
2005 Mercedes-Benz E-Class E320,Used,"$6,097",4.4,(50 reviews),"European Motors, LTD"
2019 Mercedes-Benz AMG GLA 45 Base 4MATIC,Used,"$46,790",2.1,(48 reviews),Vacaville Buick GMC
2002 Mercedes-Benz SL-Class SL500 Roadster,Used,"$19,980",4.4,(130 reviews),Auto Haus of Yorktown
2008 Mercedes-Benz CL-Class CL 550,Used,"$17,491",4.4,(494 reviews),Audi Dominion
2018 Mercedes-Benz E-Class E 300,Mercedes-Benz Certified,"$29,998",,(22 reviews),Husker Auto Group
2016 Mercedes-Benz Sprinter 2500 Normal Roof,Used,"$64,998",3.0,(33 reviews),Dillon's Auto Supercenter
2021 Mercedes-Benz GLE 350 Base 4MATIC,Used,"$62,000",4.9,"(3,690 reviews)",Jackie Cooper Imports
2018 Mercedes-Benz GLS 450 Base 4MATIC,Used,"$36,462",4.0,(961 reviews),BMW of San Antonio
2019 Mercedes-Benz CLA 250 Base,Used,"$26,998",,(4 reviews),CarMax Boynton Beach - Now offering Curbside Pickup and Home Delivery
2022 Mercedes-Benz EQB 350 Base 4MATIC,Used,"$57,487",4.1,(269 reviews),Mercedes-Benz of Farmington
2019 Mercedes-Benz GLC 350e Base 4MATIC,Used,"$34,998",,(31 reviews),CarMax Laurel - Now offering Curbside Pickup
2021 Mercedes-Benz AMG GLC 63 Base 4MATIC,Used,"$69,995",4.5,(568 reviews),Kearny Mesa Chrysler Dodge Jeep RAM
2019 Mercedes-Benz AMG CLS 53 S-Model 4MATIC,Used,"$66,999",4.9,"(1,305 reviews)",Mercedes-Benz of Austin
2019 Mercedes-Benz Sprinter 2500 144 WB,Used,"$57,998",3.0,(33 reviews),Dillon's Auto Supercenter
2017 Mercedes-Benz CLS 550 Base,Used,"$39,992",3.5,(37 reviews),Gravity Autos Roswell
2020 Mercedes-Benz Metris Base,Used,"$34,999",4.8,(437 reviews),Prestige Motors
2018 Mercedes-Benz AMG C 43 Base 4MATIC,Used,"$38,999",4.5,"(1,206 reviews)",Findlay Chrysler Dodge Jeep Ram
2017 Mercedes-Benz AMG GLS 63 Base 4MATIC,Used,"$54,400",4.5,(162 reviews),Cherner Brothers Auto Brokers
2020 Mercedes-Benz AMG GLC 43 Base 4MATIC,Mercedes-Benz Certified,"$48,890",4.9,(606 reviews),Mercedes-Benz of Chandler
2017 Mercedes-Benz AMG C 43 Base 4MATIC,Used,"$39,380",4.8,(582 reviews),MINI of Las Vegas
2023 Mercedes-Benz EQS 450 Base 4MATIC,New,"$118,625",4.7,"(1,816 reviews)",Mercedes-Benz of Plano
2018 Mercedes-Benz AMG GLS 63 Base 4MATIC,Used,"$62,333",4.8,(901 reviews),Alfa Romeo of Strongsville
2012 Mercedes-Benz CLS-Class CLS 550,Used,"$23,988",4.9,(110 reviews),Blasius North
2020 Mercedes-Benz Metris Base,Used,"$34,999",4.8,(437 reviews),Prestige Motors
2013 Mercedes-Benz SL-Class SL 550,Used,"$43,990",4.1,"(9,483 reviews)",Carvana-Touchless Delivery To Your Home
2017 Mercedes-Benz AMG C 43 Base 4MATIC,Used,"$39,380",4.8,(582 reviews),MINI of Las Vegas
2013 Mercedes-Benz S-Class S 550,Used,"$19,995",4.9,"(3,128 reviews)",Crown Kia Mitsubishi
2018 Mercedes-Benz GLE 350 Base 4MATIC,Used,"$33,248",4.6,(321 reviews),Chevrolet of Clinton
2021 Mercedes-Benz AMG A 35 Base,Used,"$45,599",5.0,"(1,409 reviews)",Florida Fine Cars Margate
2022 Mercedes-Benz A-Class A 220,Used,"$37,994",4.9,"(1,678 reviews)",Mercedes-Benz Of Henderson
2015 Mercedes-Benz S-Class S 550,Used,"$36,384",4.8,(865 reviews),Mercedes-Benz of Gainesville
2017 Mercedes-Benz AMG SLC 43 Base,Used,"$34,998",4.1,(163 reviews),HGreg Infiniti Monrovia
2020 Mercedes-Benz CLA 250 Base,Mercedes-Benz Certified,"$35,700",3.9,(240 reviews),Mercedes-Benz of Ft. Pierce
2019 Mercedes-Benz AMG CLS 53 S-Model 4MATIC,Used,"$65,593",4.9,"(2,086 reviews)",Mercedes-Benz of Bonita Springs
2019 Mercedes-Benz AMG GLE 43 4MATIC Coupe,Used,"$57,998",4.5,(972 reviews),Dave Arbogast Buick GMC
2019 Mercedes-Benz AMG GLE 63 S-Model 4MATIC,Mercedes-Benz Certified,"$78,999",4.2,"(3,131 reviews)",Mercedes-Benz Of Tacoma
2022 Mercedes-Benz EQS 450+ Base,Mercedes-Benz Certified,"$89,988",3.3,(233 reviews),Mercedes-Benz of Arrowhead
2019 Mercedes-Benz AMG GLE 63 S 4MATIC Coupe,Used,"$69,999",4.9,(454 reviews),Spitzer Chrysler Dodge Jeep RAM
2018 Mercedes-Benz S-Class S 450 4MATIC,Used,"$51,200",4.3,(696 reviews),Price Pro
2020 Mercedes-Benz GLB 250 Base 4MATIC,Used,"$42,999",4.6,"(4,999 reviews)",Toyota of Scranton
2022 Mercedes-Benz GLE 450 AWD 4MATIC,Used,"$74,299",4.6,"(1,101 reviews)",Mercedes-Benz of Atlantic City
2017 Mercedes-Benz SL 450 Base,Used,"$57,995",4.9,"(1,860 reviews)",Mercedes-Benz of San Antonio
2019 Mercedes-Benz E-Class E 300,Used,"$44,362",,(12 reviews),Mercedes-Benz of Marion
2018 Mercedes-Benz AMG C 63 S,Used,"$57,971",4.4,"(1,142 reviews)",Prestige Auto Mall
2020 Mercedes-Benz AMG A 35 Base,Mercedes-Benz Certified,"$41,933",4.7,"(1,506 reviews)",House of Imports
2019 Mercedes-Benz AMG GLE 63 S 4MATIC Coupe,Used,"$69,999",4.9,(454 reviews),Spitzer Chrysler Dodge Jeep RAM
2018 Mercedes-Benz S-Class S 450 4MATIC,Used,"$51,200",4.3,(696 reviews),Price Pro
2016 Mercedes-Benz CLS-Class CLS 400,Used,"$27,900",4.5,(53 reviews),Guaranteed Motor Cars
2020 Mercedes-Benz GLE 580 AWD 4MATIC,Used,"$66,826",3.7,(807 reviews),Chapman BMW Chandler
2019 Mercedes-Benz GLA 250 Base,Used,"$28,991",4.6,"(1,566 reviews)",AutoNation Ford St. Petersburg
2016 Mercedes-Benz Maybach S S 600,Used,"$83,987",4.7,(70 reviews),Audi Shawnee Mission
2022 Mercedes-Benz S-Class S 580 4MATIC,Mercedes-Benz Certified,"$123,988",4.6,(205 reviews),Mercedes-Benz of Asheville
2023 Mercedes-Benz GLA 250 Base 4MATIC,Used,"$43,991",4.6,(964 reviews),Mercedes-Benz of Walnut Creek
2020 Mercedes-Benz GLB 250 Base 4MATIC,Used,"$42,999",4.6,"(4,999 reviews)",Toyota of Scranton
2022 Mercedes-Benz AMG E 53 Base 4MATIC,Mercedes-Benz Certified,"$73,983",4.8,(173 reviews),Volkswagen of Quad Cities
2019 Mercedes-Benz GLA 250 Base,Used,"$28,664",4.4,(267 reviews),I-75 Autos
2019 Mercedes-Benz AMG S 63 Base 4MATIC,Used,"$124,990",3.2,(116 reviews),D & C Motor Company
2020 Mercedes-Benz AMG GT 63 S 4-Door,Used,"$146,981",4.4,(37 reviews),Global Motorsports Inc
2005 Mercedes-Benz CL-Class CL 65 AMG,Used,"$36,980",4.7,(121 reviews),Hugh White Chevrolet Buick
2022 Mercedes-Benz CLA 250 Base 4MATIC,Mercedes-Benz Certified,"$48,049",4.7,"(2,135 reviews)",Autohaus on Edens
2022 Mercedes-Benz GLC 300 Base,Mercedes-Benz Certified,"$56,699",4.7,"(1,118 reviews)",Mercedes-Benz of Columbus
2019 Mercedes-Benz Sprinter 2500 144 WB,Used,"$62,994",3.0,(33 reviews),Dillon's Auto Supercenter
2017 Mercedes-Benz S-Class S 550,Mercedes-Benz Certified,"$75,995",4.9,"(1,860 reviews)",Mercedes-Benz of San Antonio
2022 Mercedes-Benz GLC 300 Base,Mercedes-Benz Certified,"$56,699",4.7,"(1,118 reviews)",Mercedes-Benz of Columbus
2020 Mercedes-Benz GLE 450 AWD 4MATIC,Used,"$69,995",4.7,(128 reviews),AUTOSOURCE
2019 Mercedes-Benz AMG GLC 63 S 4MATIC,Used,"$69,891",4.4,(494 reviews),Audi Dominion
2017 Mercedes-Benz AMG C 63 S,Used,"$57,499",3.9,(128 reviews),Mercedes-Benz of Salt Lake City
2018 Mercedes-Benz GLS 550 Base 4MATIC,Used,"$40,000",4.8,"(1,775 reviews)",Audi Stuart
2020 Mercedes-Benz GLS 580 Base 4MATIC,Used,"$83,980",4.6,"(1,788 reviews)",BMW of Bellevue
2016 Mercedes-Benz SL-Class SL 550,Used,"$60,995",4.5,(64 reviews),Mercedes-Benz of Akron
2019 Mercedes-Benz GLA 250 Base,Used,"$28,991",4.6,"(1,566 reviews)",AutoNation Ford St. Petersburg
2016 Mercedes-Benz Maybach S S 600,Used,"$83,987",4.7,(70 reviews),Audi Shawnee Mission
2005 Mercedes-Benz CL-Class CL 65 AMG,Used,"$36,980",4.7,(121 reviews),Hugh White Chevrolet Buick
2020 Mercedes-Benz AMG A 35 Base,Mercedes-Benz Certified,"$41,933",4.7,"(1,506 reviews)",House of Imports
2016 Mercedes-Benz CLS-Class CLS 400,Used,"$27,900",4.5,(53 reviews),Guaranteed Motor Cars
2020 Mercedes-Benz GLE 580 AWD 4MATIC,Used,"$66,826",3.7,(807 reviews),Chapman BMW Chandler
2022 Mercedes-Benz CLA 250 Base 4MATIC,Mercedes-Benz Certified,"$48,049",4.7,"(2,135 reviews)",Autohaus on Edens
2019 Mercedes-Benz AMG C 43 Base 4MATIC,Used,"$46,500",4.3,(635 reviews),Benson Hyundai
2015 Mercedes-Benz GLK-Class GLK 350 4MATIC,Used,"$19,950",4.9,(409 reviews),BMW of Fort Wayne/MINI of Fort Wayne
2019 Mercedes-Benz GLC 350e Base 4MATIC,Used,"$34,367",4.4,"(1,569 reviews)",Mercedes-Benz of Houston North
2019 Mercedes-Benz C-Class C 300,Used,"$29,286",,(0 reviews),Pine Belt Chevrolet
2019 Mercedes-Benz AMG CLS 53 S-Model 4MATIC,Mercedes-Benz Certified,"$67,999",4.9,"(1,305 reviews)",Mercedes-Benz of Austin
2023 Mercedes-Benz EQS 580 Base 4MATIC,Used,"$134,894",4.9,"(5,311 reviews)",Fletcher Jones Motorcars - Newport Beach
